Framework,Score
Next.js,95.08333333333333
Nuxt.js,88.54166666666667
SvelteKit,87.375
