Framework,Score
Next.js,92.33333333333333
Nuxt.js,88.125
SvelteKit,87.79166666666667
